2026-09-08T02:07:03Z	15	685	0	ls packages --json
2026-09-08T02:07:04Z	9	613	0	ls packages --json
2026-09-08T02:07:05Z	7	642	0	ls packages --json
2026-09-08T02:07:06Z	8	567	0	ls packages --json
2026-09-08T02:07:06Z	9	547	0	ls packages --json
2026-09-08T02:07:07Z	12	535	0	ls packages --json
2026-09-08T02:07:08Z	8	556	0	ls packages --json
2026-09-08T02:07:09Z	8	548	0	ls packages --json
2026-09-08T02:07:09Z	8	543	0	ls packages --json
2026-09-08T02:07:10Z	8	552	0	ls packages --json
2026-09-08T02:07:11Z	6	594	0	ls packages --json
2026-09-08T02:07:12Z	7	523	0	ls packages --json
2026-09-08T02:07:13Z	7	551	0	ls packages --json
2026-09-08T02:07:13Z	8	532	0	ls packages --json
2026-09-08T02:07:14Z	7	556	0	ls packages --json
2026-09-08T02:07:15Z	10	516	0	ls packages --json
2026-09-08T02:07:16Z	8	574	0	ls packages --json
2026-09-08T02:07:16Z	9	556	0	ls packages --json
2026-09-08T02:07:17Z	7	587	0	ls packages --json
2026-09-08T02:07:17Z	1718	20208	0	test
2026-09-08T02:07:19Z	6	1900	0	run -m Patchdown
2026-09-08T02:07:25Z	8	522	0	ls packages --json
2026-09-08T02:07:27Z	7	571	0	ls packages --json
2026-09-08T02:07:35Z	6	645	0	ls packages --json
2026-09-08T02:07:36Z	16	719	0	ls packages --json
2026-09-08T02:07:37Z	12	817	0	ls packages --json
2026-09-08T02:07:38Z	20	853	0	ls packages --json
2026-09-08T02:07:39Z	11	715	0	ls packages --json
2026-09-08T02:07:41Z	21	695	0	ls packages --json
2026-09-08T02:07:41Z	7	700	0	ls packages --json
2026-09-08T02:07:42Z	7	595	0	ls packages --json
2026-09-08T02:07:43Z	34	659	0	ls packages --json
2026-09-08T02:07:45Z	9	958	0	ls packages --json
2026-09-08T02:07:46Z	56	1301	0	ls packages --json
2026-09-08T02:07:48Z	29	744	0	ls packages --json
2026-09-08T02:07:48Z	8	569	0	ls packages --json
2026-09-08T02:07:49Z	8	670	0	ls packages --json
2026-09-08T02:07:50Z	7	673	0	ls packages --json
2026-09-08T02:07:51Z	9	635	0	ls packages --json
2026-09-08T02:07:52Z	8	580	0	ls packages --json
2026-09-08T02:07:53Z	6	533	0	ls packages --json
2026-09-08T02:07:53Z	6	528	0	ls packages --json
2026-09-08T02:07:54Z	11	24622	0	test
2026-09-08T02:07:56Z	9	1984	0	run -m Patchdown
